year,authors,title,first_author,journal,citations,tags
2024,"Bergeron, Avraam, Calas, Fraser, Harris, Heude, Mandhane, Moraes, Muckle, Nader, Séguin, Simons, Subbarao, Swertz, Tough, Turvey, Fortier, Rod, Andersen, ",Stress and anxiety during pregnancy and length of gestation: a federated study using data from five Canadian and European birth cohorts.,Bergeron,Eur J Epidemiol,0,Consortia: EUCAN-Connect | Consortia: LifeCycle | Consortia: ReACH | Study: 3D | Study: AOF | Study: CHILD | Study: EDEN Nancy | Study: EDEN Poitiers | Study: MoBa
2024,"Fernandes, Avraam, Cadman, Dadvand, Guxens, Binter, Pinot de Moira, Nieuwenhuijsen, Duijts, Julvez, De Castro, Fossati, Márquez, Vrijkotte, Elhakeem, McEachan, Yang, Pedersen, Vinther, Lepeule, Heude, Jaddoe, Santos, Welten, El Marroun, Mian, Andrušaitytė, Lertxundi, Ibarluzea, Ballester, Esplugues, Torres Toda, Harris, Lucia Thorbjørnsrud Nader, Moirano, Maritano, Catherine Wilson, Vrijheid, ","Green spaces and respiratory, cardiometabolic, and neurodevelopmental outcomes: An individual-participant data meta-analysis of >35.000 European children.",Fernandes,Environ Int,0,Consortia: ATHLETE | Consortia: European Union Child Cohort Network | Consortia: LifeCycle | Study: ABCD | Study: ALSPAC | Study: BiB | Study: DNBC | Study: EDEN Nancy | Study: EDEN Poitiers | Study: Gen R | Study: INMA Gipuzkoa | Study: INMA Sabadell | Study: INMA Valencia | Study: KANC | Study: MoBa | Study: NINFEA-Florence | Study: NINFEA-Rome | Study: NINFEA-Turin
2019,"Sundström, Björkelund, Giedraitis, Hansson, Högman, Janson, Koupil, Kristenson, Trolle Lagerros, Leppert, Lind, Lissner, Johansson, Ludvigsson, Nilsson, Olsson, Pedersen, Rosenblad, Rosengren, Sandin, Snäckerström, Stenbeck, Söderberg, Weiderpass, Wanhainen, Wennberg, Fortier, Heller, Storgärds, Svennblad, ",Rationale for a Swedish cohort consortium.,Sundström,Ups J Med Sci,4,Consortia: Swedish Cohort Consortium
2017,"Doiron, Marcon, Fortier, Burton, Ferretti, ","Software Application Profile: Opal and Mica: open-source software solutions for epidemiological data management, harmonization and dissemination.",Doiron,Int J Epidemiol,64,Consortia: BioSHaRE-EU | Consortia: InterConnect | Consortia: Maelstrom Research | Study: CLSA | Study: CPTP
2023,"Nader, López-Vicente, Julvez, Guxens, Cadman, Elhakeem, Järvelin, Rautio, Miettunen, El Marroun, Melchior, Heude, Charles, Yang, McEachan, Wright, Polanska, Carson, Lin, Rauschert, Huang, Popovic, Richiardi, Corpeleijn, Cardol, Mikkola, Eriksson, Salika, Inskip, Vinther, Strandberg-Larsen, Gürlich, Grote, Koletzko, Vafeiadi, Sunyer, Jaddoe, Harris, ",Measures of Early-life Behavior and Later Psychopathology in the LifeCycle Project - EU Child Cohort Network: A Cohort Description.,Nader,J Epidemiol,6,Consortia: European Union Child Cohort Network | Consortia: LifeCycle | Study: ALSPAC | Study: BiB | Study: CHOP-Belgium | Study: CHOP-Germany | Study: CHOP-Italy | Study: CHOP-Poland | Study: CHOP-Spain | Study: DNBC | Study: EDEN Nancy | Study: EDEN Poitiers | Study: ELFE | Study: GECKO | Study: Gen R | Study: HBCS | Study: INMA Gipuzkoa | Study: INMA Sabadell | Study: INMA Valencia | Study: MoBa | Study: NFBC1966 | Study: NFBC1986 | Study: NINFEA-Florence | Study: NINFEA-Rome | Study: NINFEA-Turin | Study: Raine Study | Study: Rhea | Study: SWS
2023,"Slieker, Donnelly, Akalestou, Lopez-Noriega, Melhem, Güneş, Abou Azar, Efanov, Georgiadou, Muniangi-Muhitu, Sheikh, Giordano, Åkerlund, Ahlqvist, Ali, Banasik, Brunak, Barovic, Bouland, Burdet, Canouil, Dragan, Elders, Fernandez, Festa, Fitipaldi, Froguel, Gudmundsdottir, Gudnason, Gerl, van der Heijden, Jennings, Hansen, Kim, Leclerc, Klose, Kuznetsov, Mansour Aly, Mehl, Marek, Melander, Niknejad, Ottosson, Pavo, Duffin, Syed, Shaw, Cabrera, Pullen, Simons, Solimena, Suvitaival, Wretlind, Rossing, Lyssenko, Legido Quigley, Groop, Thorens, Franks, Lim, Estall, Ibberson, Beulens, 't Hart, Pearson, Rutter, ",Identification of biomarkers for glycaemic deterioration in type 2 diabetes.,Slieker,Nat Commun,14,Consortia: RHAPSODY | Study: ANDIS | Study: DCS | Study: GoDARTS
2014,"Gaye, Marcon, Isaeva, LaFlamme, Turner, Jones, Minion, Boyd, Newby, Nuotio, Wilson, Butters, Murtagh, Demir, Doiron, Giepmans, Wallace, Budin-Ljøsne, Oliver Schmidt, Boffetta, Boniol, Bota, Carter, deKlerk, Dibben, Francis, Hiekkalinna, Hveem, Kvaløy, Millar, Perry, Peters, Phillips, Popham, Raab, Reischl, Sheehan, Waldenberger, Perola, van den Heuvel, Macleod, Knoppers, Stolk, Fortier, Harris, Woffenbuttel, Murtagh, Ferretti, Burton, ","DataSHIELD: taking the analysis to the data, not the data to the analysis.",Gaye,Int J Epidemiol,174,Consortia: BBMRI-LPC | Consortia: BioSHaRE-EU | Consortia: Welsh and Scottish Farr Institutes | Study: CHRIS | Study: FINRISK 2007 | Study: HUNT | Study: KORA | Study: Lifelines | Study: MICROS | Study: Mitchelstown | Study: NCDS | Study: PREVEND
2023,"Descarpentrie, Calas, Cornet, Heude, Charles, Avraam, Brescianini, Cadman, Elhakeem, Fernández-Barrés, Harris, Inskip, Julvez, Llop, Margetaki, Maritano, Nader, Roumeliotaki, Salika, Subiza-Pérez, Vafeiadi, Vrijheid, Wright, Yang, Dargent-Molina, Lioret, ",Lifestyle patterns in European preschoolers: Associations with socio-demographic factors and body mass index.,Descarpentrie,Pediatr Obes,4,Consortia: ATHLETE | Consortia: European Union Child Cohort Network | Consortia: LifeCycle | Study: ALSPAC | Study: BiB | Study: EDEN Nancy | Study: EDEN Poitiers | Study: ELFE | Study: INMA Gipuzkoa | Study: INMA Sabadell | Study: INMA Valencia | Study: MoBa | Study: Piccolipiu | Study: Rhea | Study: SWS
2022,"Avraam, Jones, Burton, ",A deterministic approach for protecting privacy in sensitive personal data.,Avraam,BMC Med Inform Decis Mak,3,Consortia: ATHLETE | Consortia: BioSHaRE-EU | Consortia: Connected Health Cities North East North Cumbria | Consortia: EUCAN-Connect | Study: NCDS
2024,"Schmid, Sehring, Németh, Harter, Weber, Vengadeswaran, Storf, Seidemann, Karki, Fischer, Dohmen, Selignow, von Deimling, Grau, Schröder, Plate, Stein, Uhl, Acker, Amsel, ",DistSNE: Distributed computing and online visualization of DNA methylation-based central nervous system tumor classification.,Schmid,Brain Pathol,0,Consortia: MIRACUM | Study: Edinger Institute Frankfurt | Study: GSE109381 SuperSeries | Study: The Giessen Institute of Neuropathology
2023,"Vinther, Cadman, Avraam, Ekstrøm, Sørensen, Elhakeem, Santos, Pinot de Moira, Heude, Iñiguez, Pizzi, Simons, Voerman, Corpeleijn, Zariouh, Santorelli, Inskip, Barros, Carson, Harris, Nader, Ronkainen, Strandberg-Larsen, Santa-Marina, Calas, Cederkvist, Popovic, Charles, Welten, Vrijheid, Azad, Subbarao, Burton, Mandhane, Huang, Wilson, Haakma, Fernández-Barrés, Turvey, Santos, Tough, Sebert, Moraes, Salika, Jaddoe, Lawlor, Nybo Andersen, ","Gestational age at birth and body size from infancy through adolescence: An individual participant data meta-analysis on 253,810 singletons in 16 birth cohort studies.",Vinther,PLoS Med,6,Consortia: EUCAN-Connect | Consortia: LifeCycle | Study: ALSPAC | Study: AOF | Study: BiB | Study: CHILD | Study: DNBC | Study: EDEN Nancy | Study: EDEN Poitiers | Study: ELFE | Study: G21 | Study: GECKO | Study: Gen R | Study: INMA Gipuzkoa | Study: INMA Sabadell | Study: INMA Valencia | Study: MoBa | Study: NFBC1986 | Study: NINFEA-Florence | Study: NINFEA-Rome | Study: NINFEA-Turin | Study: Raine Study | Study: SWS
2022,"Banerjee, Bishop, ",dsSynthetic: synthetic data generation for the DataSHIELD federated analysis system.,Banerjee,BMC Res Notes,4,Consortia: EUCAN-Connect
2010,"Wolfson, Wallace, Masca, Rowe, Sheehan, Ferretti, LaFlamme, Tobin, Macleod, Little, Fortier, Knoppers, Burton, ",DataSHIELD: resolving a conflict in contemporary bioscience--performing a pooled analysis of individual-level data without sharing the data.,Wolfson,Int J Epidemiol,134,Consortia: P3G | Consortia: PHOEBE
2018,"Avraam, Boyd, Goldstein, Burton, ",A software package for the application of probabilistic anonymisation to sensitive individual-level data: a proof of principle with an example from the ALSPAC birth cohort study,Avraam,Longitudinal and Life Course Studies,6,Consortia: CLOSER | Consortia: Connected Health Cities North East North Cumbria | Study: ALSPAC
2022,"Pinot de Moira, Strandberg-Larsen, Bishop, Pedersen, Avraam, Cadman, Calas, Casas, de Lauzon Guillain, Elhakeem, Esplugues, Estarlich, Foong, Haakma, Harris, Huang, Inskip, Lertxundi, Mensink-Bout, Nader, Pizzi, Popovic, Salika, Sunyer, Van Meel, Swertz, Jaddoe, Burton, Duijts, Nybo Andersen, ","Associations of early-life pet ownership with asthma and allergic sensitization: A meta-analysis of more than 77,000 children from the EU Child Cohort Network.",Pinot de Moira,J Allergy Clin Immunol,25,Consortia: European Union Child Cohort Network | Consortia: LifeCycle | Study: ALSPAC | Study: DNBC | Study: EDEN Nancy | Study: EDEN Poitiers | Study: Gen R | Study: INMA Gipuzkoa | Study: INMA Sabadell | Study: INMA Valencia | Study: MoBa | Study: NINFEA-Florence | Study: NINFEA-Rome | Study: NINFEA-Turin | Study: Raine Study | Study: SWS
2023,"Fortier, Wey, Bergeron, Pinot de Moira, Nybo-Andersen, Bishop, Murtagh, Miočević, Swertz, van Enckevort, Marcon, Mayrhofer, Ornelas, Sebert, Santos, Rocha, Wilson, Griffith, Burton, ",Life course of retrospective harmonization initiatives: key elements to consider.,Fortier,J Dev Orig Health Dis,4,Consortia: EUCAN-Connect | Consortia: RECAP Preterm
2020,"Oluwagbemigun, Foerster, Watkins, Fouhy, Stanton, Bergmann, Boeing, Nöthlings, ",Dietary Patterns Are Associated with Serum Metabolite Patterns and Their Association Is Influenced by Gut Bacteria among Older German Adults.,Oluwagbemigun,J Nutr,12,Consortia: HEALTHMARK | Study: EPIC-Potsdam
2021,"Pastorino, Bishop, Sharp, Pearce, Akbaraly, Barbieri, Bes-Rastrollo, Beulens, Chen, Du, Duncan, Goto, Härkänen, Hashemian, Kromhout, Järvinen, Kivimaki, Knekt, Lin, Lund, Magliano, Malekzadeh, Martínez-González, O'Donoghue, O'Gorman, Poustchi, Rylander, Sawada, Shaw, Schmidt, Soedamah-Muthu, Sun, Wen, Wolk, Shu, Zheng, Wareham, Forouhi, ","Heterogeneity of Associations between Total and Types of Fish Intake and the Incidence of Type 2 Diabetes: Federated Meta-Analysis of 28 Prospective Studies Including 956,122 Participants.",Pastorino,Nutrients,9,Consortia: EUCAN-Connect | Consortia: InterConnect | Study: ARIC | Study: AusDiab | Study: CARDIA | Study: CKB | Study: COSM | Study: ELSA-Brasil | Study: FMC | Study: GCS | Study: Hoorn Study | Study: InterAct Denmark | Study: InterAct France | Study: InterAct Germany | Study: InterAct Italy | Study: InterAct Netherlands | Study: InterAct Spain | Study: InterAct Sweden | Study: InterAct UK | Study: JPHC | Study: MESA | Study: NHAPC | Study: NOWAC | Study: PRHHP | Study: SMC | Study: SMHS | Study: SUN Cohort Study | Study: SWHS | Study: WHI | Study: Whitehall II | Study: Zutphen Elderly Study
2024,"Tomasoni, Lombardo, Lauria, ",Strengths and limitations of non-disclosive data analysis: a comparison of breast cancer survival classifiers using VisualSHIELD.,Tomasoni,Front Genet,0,Consortia: ENPADASI | Study: GSE102484 | Study: GSE19615 | Study: GSE2034 | Study: GSE48390 | Study: GSE61304
2012,"Jones, Sheehan, Masca, Wallace, Murtagh, Burton, ",DataSHIELD – shared individual-level analysis without sharing the data: a biostatistical perspective,Jones,Norsk Epidemiologi,37,Consortia: BioSHaRE-EU | Consortia: P3G | Consortia: PHOEBE
2024,"Bernier, Molnár-Gábor, Knoppers, Borry, Cesar, Devriendt, Goisauf, Murtagh, Jiménez, Recuero, Rial-Sebbag, Shabani, Wilson, Zaccagnini, Maxwell, ",Reconciling the biomedical data commons and the GDPR: three lessons from the EUCAN ELSI collaboratory.,Bernier,Eur J Hum Genet,1,Consortia: BBMRI-ERIC | Consortia: CINECA | Consortia: EUCAN-Connect | Consortia: EUCANCan | Consortia: euCanSHare
2023,"Huth, Arruda, Gusinow, Contento, Tacconelli, Hasenauer, ",Accessibility of covariance information creates vulnerability in Federated Learning frameworks.,Huth,Bioinformatics,1,Consortia: ORCHESTRA
2024,"Bonofiglio, ",Survival Analysis Without Sharing of Individual Patient Data by Using a Gaussian Copula.,Bonofiglio,Pharm Stat,0,Consortia: MEDIASRES | Study: GASTRIC
2012,"Murtagh, Thorisson, Wallace, Kaye, Demir, Fortier, Harris, Cox, Deschênes, Laflamme, Ferretti, Sheehan, Hudson, Thomsen, Stolk, Knoppers, Brookes, Burton, ",Navigating the perfect [data] storm,Murtagh,Norsk Epidemiologi,15,Consortia: BioSHaRE-EU | Consortia: ENGAGE | Consortia: GEN2PHEN | Consortia: P3G
2022,"Cao, Zhang, Baumbach, Burton, Dwyer, Koutsouleris, Matschinske, Marcon, Rajan, Rieg, Ryser-Welch, Späth, Herrmann, Schwarz, ","dsMTL: a computational framework for privacy-preserving, distributed multi-task machine learning.",Cao,Bioinformatics,6,Study: GSE21138  | Study: GSE35977 | Study: GSE53987 | Study: phs000979.v3.p2
2019,"Gruendner, Prokosch, Schindler, Lenz, Binder, ","A Queue-Poll Extension and DataSHIELD: Standardised, Monitored, Indirect and Secure Access to Sensitive Data.",Gruendner,Stud Health Technol Inform,3,Consortia: MIRACUM | Study: Erlangen University Hospital | Study: Freiburg University Hospital | Study: Magdeburg University Hospital
2024,"Cadman, Strandberg-Larsen, Calas, Christiansen, Culpin, Dadvand, de Castro, Foraster, Fossati, Guxens, Harris, Hillegers, Jaddoe, Lee, Lepeule, El Marroun, Maule, McEachen, Moccia, Nader, Nieuwenhuijsen, Nybo Andersen, Pearson, Swertz, Vafeiadi, Vrijheid, Wright, Lawlor, Pedersen, ",Urban environment in pregnancy and postpartum depression: An individual participant data meta-analysis of 12 European birth cohorts.,Cadman,Environ Int,1,Consortia: ATHLETE | Consortia: LifeCycle | Study: ABCD | Study: ALSPAC | Study: BiB | Study: DNBC | Study: EDEN Nancy | Study: EDEN Poitiers | Study: Gen R | Study: INMA Gipuzkoa | Study: INMA Sabadell | Study: INMA Valencia | Study: MoBa | Study: NINFEA-Florence | Study: NINFEA-Rome | Study: NINFEA-Turin | Study: Rhea
2021,"Vrijheid, Basagaña, Gonzalez, Jaddoe, Jensen, Keun, McEachan, Porcel, Siroux, Swertz, Thomsen, Aasvang, Andrušaitytė, Angeli, Avraam, Ballester, Burton, Bustamante, Casas, Chatzi, Chevrier, Cingotti, Conti, Crépet, Dadvand, Duijts, van Enckevort, Esplugues, Fossati, Garlantezec, Gómez Roig, Grazuleviciene, Gützkow, Guxens, Haakma, Hessel, Hoyles, Hyde, Klanova, van Klaveren, Kortenkamp, Le Brusquet, Leenen, Lertxundi, Lertxundi, Lionis, Llop, Lopez-Espinosa, Lyon-Caen, Maitre, Mason, Mathy, Mazarico, Nawrot, Nieuwenhuijsen, Ortiz, Pedersen, Perelló, Pérez-Cruz, Philippat, Piler, Pizzi, Quentin, Richiardi, Rodriguez, Roumeliotaki, Sabin Capote, Santiago, Santos, Siskos, Strandberg-Larsen, Stratakis, Sunyer, Tenenhaus, Vafeiadi, Wilson, Wright, Yang, Slama, ",Advancing tools for human early lifecourse exposome research and translation (ATHLETE): Project overview.,Vrijheid,Environ Epidemiol,28,Consortia: ATHLETE | Consortia: EUCAN-Connect | Consortia: HELIX | Consortia: LifeCycle | Study: BISC | Study: BiB | Study: CELSPAC-TNG | Study: DNBC | Study: EDEN Nancy | Study: EDEN Poitiers | Study: ENVIRONAGE | Study: Gen R | Study: INMA Gipuzkoa | Study: INMA Sabadell | Study: INMA Valencia | Study: KANC | Study: MoBa | Study: NINFEA-Florence | Study: NINFEA-Rome | Study: NINFEA-Turin | Study: PELAGIE | Study: Piccolipiu | Study: Rhea | Study: SEPAGES
2016,"Zijlema, Cai, Doiron, Mbatchou, Fortier, Gulliver, de Hoogh, Morley, Hodgson, Elliott, Key, Kongsgard, Hveem, Gaye, Burton, Hansell, Stolk, Rosmalen, ","Road traffic noise, blood pressure and heart rate: Pooled analyses of harmonized data from 88,336 participants.",Zijlema,Environ Res,26,Consortia: BioSHaRE-EU | Consortia: Welsh and Scottish Farr Institutes | Study: EPIC-Oxford | Study: HUNT3 | Study: Lifelines
2019,"Pastorino, Bishop, Crozier, Granström, Kordas, Küpers, O'Brien, Polanska, Sauder, Zafarmand, Wilson, Agyemang, Burton, Cooper, Corpeleijn, Dabelea, Hanke, Inskip, McAuliffe, Olsen, Vrijkotte, Brage, Kennedy, O'Gorman, Scherer, Wijndaele, Wareham, Desoye, Ong, ",Associations between maternal physical activity in early and late pregnancy and offspring birth size: remote federated individual level meta-analysis from eight cohort studies.,Pastorino,BJOG,53,Consortia: InterConnect | Study: ABCD | Study: ALSPAC | Study: DNBC | Study: GECKO | Study: HSS | Study: REPRO_PL | Study: ROLO | Study: SWS
2024,"Aguilar-Lacasaña, Fontes Marques, de Castro, Dadvand, Escribà, Fossati, González, Nieuwenhuijsen, Alfano, Annesi-Maesano, Brescianini, Burrows, Calas, Elhakeem, Heude, Hough, Isaevska, W V Jaddoe, Lawlor, Monaghan, Nawrot, Plusquin, Richiardi, Watmuff, Yang, Vrijheid, F Felix, Bustamante, ",Green space exposure and blood DNA methylation at birth and in childhood - A multi-cohort study.,Aguilar-Lacasaña,Environ Int,0,Consortia: ATHLETE | Consortia: HELIX | Consortia: LifeCycle | Consortia: LongITools | Study: ALSPAC | Study: BiB | Study: EDEN Nancy | Study: EDEN Poitiers | Study: ENVIRONAGE | Study: Gen R | Study: INMA Sabadell | Study: KANC | Study: MoBa | Study: Piccolipiu | Study: Rhea
2013,"Demir, Murtagh, ","Data sharing across biobanks: epistemic values, data mutability and data incommensurability",Demir,New Genetics and Society,14,Consortia: BioSHaRE-EU
2016,"Wallace, ",What Does Anonymization Mean? DataSHIELD and the Need for Consensus on Anonymization Terminology.,Wallace,Biopreserv Biobank,4,Consortia: BioSHaRE-EU
2022,"Cai, Liu, Xia, ",Individual Data Protected Integrative Regression Analysis of High-Dimensional Heterogeneous Data.,Cai,J Am Stat Assoc,10,Study: Partner's Healthcare System
2016,"Murtagh, Turner, Minion, Fay, Burton, ",International Data Sharing in Practice: New Technologies Meet Old Governance.,Murtagh,Biopreserv Biobank,21,Consortia: BBMRI-LPC | Consortia: BioSHaRE-EU | Consortia: Welsh and Scottish Farr Institutes
2017,"Wilson, Butters, Avraam, Baker, Tedds, Turner, Murtagh, Burton, ",DataSHIELD – New Directions and Dimensions,Wilson,Data Science Journal,45,Consortia: BBMRI-LPC | Consortia: BioSHaRE-EU | Consortia: Welsh and Scottish Farr Institutes
2017,"Avraam, Wilson, Burton, ",Synthetic ALSPAC longitudinal datasets for the Big Data VR project.,Avraam,Wellcome Open Res,4,Study: ALSPAC
2020,"Bonofiglio, Schumacher, Binder, ",Recovery of original individual person data (IPD) inferences from empirical IPD summaries only: Applications to distributed computing under disclosure constraints.,Bonofiglio,Stat Med,15,Consortia: MIRACUM | Study: IST
2017,"Cai, Hansell, Blangiardo, Burton, de Hoogh, Doiron, Fortier, Gulliver, Hveem, Mbatchou, Morley, Stolk, Zijlema, Elliott, Hodgson, ","Long-term exposure to road traffic noise, ambient air pollution, and cardiovascular risk factors in the HUNT and lifelines cohorts.",Cai,Eur Heart J,132,Consortia: BBMRI-LPC | Consortia: BioSHaRE-EU | Consortia: ESCAPE | Consortia: Welsh and Scottish Farr Institutes | Study: HUNT3 | Study: Lifelines
2024,"Zöller, Haverkamp, Makoudjou, Sofack, Kiefer, Gebele, Pfaffenlehner, Boeker, Binder, Karki, Seidemann, Schmeck, Greulich, Renz, Schild, Seuchter, Tibyampansha, Buhl, Rohde, Trudzinski, Bals, Janciauskiene, Stolz, Fähndrich, ",Alpha-1-antitrypsin-deficiency is associated with lower cardiovascular risk: an approach based on federated learning.,Zöller,Respir Res,2,Consortia: MIRACUM | Study: Erlangen University Hospital | Study: Frankfurt University Hospital | Study: Freiburg University Hospital | Study: Giessen University Hospital | Study: Mainz University Hospital | Study: Marburg University Hospital
2021,"Pinart, Jeran, Boeing, Stelmach-Mardas, Standl, Schulz, Harris, von Berg, Herberth, Koletzko, Linseisen, Breuninger, Nöthlings, Barbaresko, Benda, Lachat, Yang, Gasparini, Robino, Rojo-Martínez, Castaño, Guillaume, Donneau, Hoge, Gillain, Avraam, Burton, Bouwman, Pischon, Nimptsch, ",Dietary Macronutrient Composition in Relation to Circulating HDL and Non-HDL Cholesterol: A Federated Individual-Level Analysis of Cross-Sectional Data from Adolescents and Adults in 8 European Studies.,Pinart,J Nutr,8,Consortia: ENPADASI | Study: ActivE | Study: BVS II | Study: DONALD | Study: EPIC-Potsdam | Study: GINIplus | Study: INGI-FVG | Study: LISA | Study: NESCaV | Study: Pizarra
2017,"Doiron, de Hoogh, Probst-Hensch, Mbatchou, Eeftens, Cai, Schindler, Fortier, Hodgson, Gaye, Stolk, Hansell, ",Residential Air Pollution and Associations with Wheeze and Shortness of Breath in Adults: A Combined Analysis of Cross-Sectional Data from Two Large European Cohorts.,Doiron,Environ Health Perspect,39,Consortia: BioSHaRE-EU | Study: HUNT3 | Study: Lifelines | Study: UK Biobank
2014,"van Vliet-Ostaptchouk, Nuotio, Slagter, Doiron, Fischer, Foco, Gaye, Gögele, Heier, Hiekkalinna, Joensuu, Newby, Pang, Partinen, Reischl, Schwienbacher, Tammesoo, Swertz, Burton, Ferretti, Fortier, Giepmans, Harris, Hillege, Holmen, Jula, Kootstra-Ros, Kvaløy, Holmen, Männistö, Metspalu, Midthjell, Murtagh, Peters, Pramstaller, Saaristo, Salomaa, Stolk, Uusitupa, van der Harst, van der Klauw, Waldenberger, Perola, Wolffenbuttel, ",The prevalence of metabolic syndrome and metabolically healthy obesity in Europe: a collaborative analysis of ten large cohort studies.,van Vliet-Ostaptchouk,BMC Endocr Disord,450,Consortia: BioSHaRE-EU | Study: CHRIS | Study: EGCUT | Study: FINRISK 2007 | Study: HUNT2 | Study: Health 2000 | Study: KORA | Study: Lifelines | Study: MICROS | Study: NCDS | Study: PREVEND
2021,"Marcon, Bishop, Avraam, Escriba-Montagut, Ryser-Welch, Wheater, Burton, González, ",Orchestrating privacy-protected big data analyses of data from different resources with R and DataSHIELD.,Marcon,PLoS Comput Biol,20,Consortia: ATHLETE | Consortia: Connected Health Cities North East North Cumbria | Consortia: EUCAN-Connect | Consortia: VEIS: 001-P-001647
2015,"Burton, Murtagh, Boyd, Williams, Dove, Wallace, Tassé, Little, Chisholm, Gaye, Hveem, Brookes, Goodwin, Fistein, Bobrow, Knoppers, ",Data Safe Havens in health research and healthcare.,Burton,Bioinformatics,53,Consortia: BBMRI-LPC | Consortia: BioSHaRE-EU | Consortia: Welsh and Scottish Farr Institutes
2021,"Tibubos, Otten, Zöller, Binder, Wild, Fleischer, Johar, Atasoy, Schulze, Ladwig, Schomerus, Linkohr, Grabe, Kruse, Schmidt, Münzel, König, Brähler, Beutel, ",Bidimensional structure and measurement equivalence of the Patient Health Questionnaire-9: sex-sensitive assessment of depressive symptoms in three representative German cohort studies.,Tibubos,BMC Psychiatry,14,Consortia: GESA | Study: GHS | Study: KORA | Study: SHIP
2013,"Doiron, Burton, Marcon, Gaye, Wolffenbuttel, Perola, Stolk, Foco, Minelli, Waldenberger, Holle, Kvaløy, Hillege, Tassé, Ferretti, Fortier, ",Data harmonization and federated analysis of population-based studies: the BioSHaRE project.,Doiron,Emerg Themes Epidemiol,109,Consortia: BioSHaRE-EU | Study: CHRIS | Study: FINRISK 2007 | Study: HUNT | Study: KORA | Study: Lifelines | Study: MICROS | Study: NCDS | Study: PREVEND
2020,"Jaddoe, Felix, Andersen, Charles, Chatzi, Corpeleijn, Donner, Elhakeem, Eriksson, Foong, Grote, Haakma, Hanson, Harris, Heude, Huang, Inskip, Järvelin, Koletzko, Lawlor, Lindeboom, McEachan, Mikkola, Nader, de Moira, Pizzi, Richiardi, Sebert, Schwalber, Sunyer, Swertz, Vafeiadi, Vrijheid, Wright, Duijts, ","The LifeCycle Project-EU Child Cohort Network: a federated analysis infrastructure and harmonized data of more than 250,000 children and parents.",Jaddoe,Eur J Epidemiol,80,Consortia: European Union Child Cohort Network | Consortia: LifeCycle | Study: 3D | Study: ALSPAC | Study: BiB | Study: CHOP-Belgium | Study: CHOP-Germany | Study: CHOP-Italy | Study: CHOP-Poland | Study: CHOP-Spain | Study: DNBC | Study: EDEN Nancy | Study: EDEN Poitiers | Study: ELFE | Study: GECKO | Study: Gen R | Study: HBCS | Study: INMA Gipuzkoa | Study: INMA Sabadell | Study: INMA Valencia | Study: MoBa | Study: NFBC1966 | Study: NFBC1986 | Study: NINFEA-Florence | Study: NINFEA-Rome | Study: NINFEA-Turin | Study: Raine Study | Study: Rhea | Study: SWS
2018,"Zöller, Binder, ",Distributed Multivariate Regression Modeling For Selecting Biomarkers Under Data Protection Constraints,Zöller,,???,Consortia: GESA
2024,"Delfin, Dragan, Kuznetsov, Tajes, Smit, Coral, Farzaneh, Haugg, Hungele, Niknejad, Hall, Jacobs, Marek, Fraser, Thuillier, Ahmadizar, Mehl, Pattou, Burdet, Hawkes, Arts, Blanch, Van Soest, Fernández-Real, Boehl, Fink, van Greevenbroek, Kavousi, Minten, Prinz, Ipsen, Franks, Ramos, Holl, Horban, Duarte-Salles, Tran, Raverdy, Leal, Lenart, Pearson, Sparsø, Giordano, Ioannidis, Soh, Frayling, Le Roux, Ibberson, ",A Federated Database for Obesity Research: An IMI-SOPHIA Study.,Delfin,Life (Basel),0,Consortia: IMI-SOPHIA | Study: ABOS | Study: ACCELERATE | Study: ADJUNCT-ONE | Study: APV Registry | Study: BI pooled trials | Study: CoLaus | Study: DPV Registry | Study: EXTEND | Study: NOK Discovery | Study: REWIND | Study: Rotterdam Study | Study: SCALE Diabetes | Study: SCALE Maintenance | Study: SCALE Obesity and Prediabetes | Study: SCALE Sleep apnea | Study: Tayside/Fife T1D &T2D
2016,"Butters, Issa, Lusted, Newbury, Parsloe, Holden, Free, Beck, Wilson, Burton, Tedds, ",The Biomedical Research Infrastructure Software as a Service Kit (BRISSKit): technical description,Butters,F1000Research,???,Consortia: BBMRI-LPC | Consortia: BioSHaRE-EU | Consortia: Welsh and Scottish Farr Institutes
2022,"Jannasch, Dietrich, Bishop, Pearce, Fanidi, O'Donoghue, O'Gorman, Marques-Vidal, Vollenweider, Bes-Rastrollo, Byberg, Wolk, Hashemian, Malekzadeh, Poustchi, Luft, de Matos, Kim, Kim, Kim, Stern, Lajous, Magliano, Shaw, Akbaraly, Kivimaki, Maskarinec, Le Marchand, Martínez-González, Soedamah-Muthu, Wareham, Forouhi, Schulze, ",Associations between exploratory dietary patterns and incident type 2 diabetes: a federated meta-analysis of individual participant data from 25 cohort studies.,Jannasch,Eur J Nutr,6,Consortia: EPIC-Interact | Consortia: InterConnect | Study: ARIC | Study: AusDiab | Study: CARDIA | Study: COSM | Study: CoLaus | Study: ELSA-Brasil | Study: GCS | Study: InterAct Denmark | Study: InterAct France | Study: InterAct Germany | Study: InterAct Italy | Study: InterAct Netherlands | Study: InterAct Spain | Study: InterAct Sweden | Study: InterAct UK | Study: KoGES ASAS | Study: KoGES CAVAS | Study: MEC | Study: MESA | Study: MTC | Study: PRHHP | Study: SMC | Study: SUN Cohort Study | Study: WHI | Study: Whitehall II
2024,"Pizzi, Moirano, Moccia, Maule, D'Errico, Vrijheid, Cadman, Fossati, Nieuwenhuijsen, Beneito, Calas, Duijts, Elhakeem, Harris, Heude, Jaddoe, Lawlor, Lioret, McEachan, Nader, Pedersen, Pinot de Moira, Strandberg-Larsen, Subiza-Pérez, Vafeiadi, Welten, Wright, Yang, Richiardi, ",Socioeconomic position during pregnancy and pre-school exposome in children from eight European birth cohort studies.,Pizzi,Soc Sci Med,0,Consortia: ATHLETE | Consortia: European Union Child Cohort Network | Consortia: LifeCycle | Study: ALSPAC | Study: BiB | Study: DNBC | Study: EDEN Nancy | Study: EDEN Poitiers | Study: Gen R | Study: INMA Gipuzkoa | Study: INMA Sabadell | Study: INMA Valencia | Study: MoBa | Study: NINFEA-Turin
2021,"Pearce, Fanidi, Bishop, Sharp, Imamura, Dietrich, Akbaraly, Bes-Rastrollo, Beulens, Byberg, Canhada, Molina, Chen, Cortes-Valencia, Du, Duncan, Härkänen, Hashemian, Kim, Kim, Kim, Knekt, Kromhout, Lassale, Ridaura, Magliano, Malekzadeh, Marques-Vidal, Martínez-González, O'Donoghue, O'Gorman, Shaw, Soedamah-Muthu, Stern, Wolk, Woo, Wareham, Forouhi, ","Associations of Total Legume, Pulse, and Soy Consumption with Incident Type 2 Diabetes: Federated Meta-Analysis of 27 Studies from Diverse World Regions.",Pearce,J Nutr,29,Consortia: EUCAN-Connect | Consortia: InterConnect | Study: ARIC | Study: AusDiab | Study: CARDIA | Study: CKB | Study: COSM | Study: CoLaus | Study: ELSA | Study: ELSA-Brasil | Study: FMC | Study: GCS | Study: Hoorn Study | Study: InterAct France | Study: InterAct Germany | Study: InterAct Italy | Study: InterAct Netherlands | Study: InterAct Spain | Study: InterAct Sweden | Study: InterAct UK | Study: KoGES A&A | Study: KoGES CAVAS | Study: MESA | Study: MTC | Study: PRHHP | Study: SMC | Study: SUN Cohort Study | Study: WHI | Study: Whitehall II | Study: Zutphen Elderly Study
2014,"Wallace, Gaye, Shoush, Burton, ",Protecting personal data in epidemiological research: DataSHIELD and UK law.,Wallace,Public Health Genomics,21,Consortia: BioSHaRE-EU
2021,"Lenz, Hess, Binder, ",Deep generative models in DataSHIELD.,Lenz,BMC Med Res Methodol,9,Consortia: GEMOLS | Consortia: MIRACUM
2024,"Barry, Avraam, Cadman, Elhakeem, El Marroun, Jansen, Nybo-Andersen, Strandberg-Larsen, Safont, Soler-Blasco, Barreto-Zarza, Julvez, Vrijheid, Heude, Charles, Gomajee, Melchior, ",Early childcare arrangements and children's internalizing and externalizing symptoms: an individual participant data meta-analysis of six prospective birth cohorts in Europe.,Barry,Lancet Reg Health Eur,1,Consortia: European Union Child Cohort Network | Consortia: LifeCycle | Study: ALSPAC | Study: DNBC | Study: EDEN Nancy | Study: EDEN Poitiers | Study: ELFE | Study: Gen R | Study: INMA Asturias | Study: INMA Gipuzkoa | Study: INMA Sabadell | Study: INMA Valencia
2020,"Burghardt, Tibubos, Otten, Brähler, Binder, Grabe, Kruse, Ladwig, Schomerus, Wild, Beutel, ",A multi-cohort consortium for GEnder-Sensitive Analyses of mental health trajectories and implications for prevention (GESA) in the general population in Germany.,Burghardt,BMJ Open,10,Consortia: GESA | Study: GHS | Study: KORA | Study: SHIP
2023,"Banerjee, Bishop, ",dsSurvival 2.0: privacy enhancing survival curves for survival models in the federated DataSHIELD analysis system.,Banerjee,BMC Res Notes,0,Consortia: EUCAN-Connect
2021,"Fleischer, Ulke, Beutel, Binder, Brähler, Johar, Atasoy, Kruse, Otten, Tibubos, Zöller, Speerforck, Grabe, Ladwig, Schomerus, ",The relation between childhood adversity and adult obesity in a population-based study in women and men.,Fleischer,Sci Rep,17,Consortia: GESA | Study: KORA | Study: SHIP
2024,"Cadman, Elhakeem, Vinther, Avraam, Carrasco, Calas, Cardol, Charles, Corpeleijn, Crozier, de Castro, Estarlich, Fernandes, Fossatti, Gruszfeld, Guerlich, Grote, Haakma, Harris, Heude, Huang, Ibarluzea, Inskip, Jaddoe, Koletzko, Lioret, Luque, Manios, Moirano, Moschonis, Nader, Nieuwenhuijsen, Andersen, McEachen, de Moira, Popovic, Roumeliotaki, Salika, Santa Marina, Santos, Serbert, Tzorovili, Vafeiadi, Verduci, Vrijheid, Vrijkotte, Welten, Wright, Yang, Zugna, Lawlor, ","Associations of Maternal Educational Level, Proximity to Green Space During Pregnancy, and Gestational Diabetes With Body Mass Index From Infancy to Early Adulthood: A Proof-of-Concept Federated Analysis in 18 Birth Cohorts.",Cadman,Am J Epidemiol,0,Consortia: CHOP | Consortia: European Union Child Cohort Network | Consortia: LifeCycle | Study: ABCD | Study: ALSPAC | Study: BiB | Study: CHOP-Belgium | Study: CHOP-Germany | Study: CHOP-Italy | Study: CHOP-Poland | Study: CHOP-Spain | Study: DNBC | Study: EDEN Nancy | Study: EDEN Poitiers | Study: ELFE | Study: GECKO | Study: Gen R | Study: HGS-Attica | Study: HGS-Etoloakarnania | Study: HGS-Iraklion | Study: HGS-Thessaloniki | Study: INMA Gipuzkoa | Study: INMA Sabadell | Study: INMA Valencia | Study: MoBa | Study: NFBC1966 | Study: NFBC1986 | Study: NINFEA-Florence | Study: NINFEA-Rome | Study: NINFEA-Turin | Study: Raine Study | Study: Rhea | Study: SWS
2015,"Budin-Ljøsne, Burton, Isaeva, Gaye, Turner, Murtagh, Wallace, Ferretti, Harris, ",DataSHIELD: an ethically robust solution to multiple-site individual-level data analysis.,Budin-Ljøsne,Public Health Genomics,27,Consortia: BioSHaRE-EU | Consortia: ENGAGE | Consortia: Welsh and Scottish Farr Institutes
2019,"Gruendner, Schwachhofer, Sippl, Wolf, Erpenbeck, Gulden, Kapsner, Zierk, Mate, Stürzl, Croner, Prokosch, Toddenroth, ","KETOS: Clinical decision support and machine learning as a service - A training and deployment platform based on Docker, OMOP-CDM, and FHIR Web Services.",Gruendner,PLoS One,32,Consortia: MIRACUM | Study: Erlangen University Hospital
2023,"Escribà-Montagut, Marcon, Avraam, Banerjee, Bishop, Burton, González, ",Software Application Profile: ShinyDataSHIELD—an R Shiny application to perform federated non-disclosive data analysis in multicohort studies,Escribà-Montagut,International Journal of Epidemiology,1,Consortia: ATHLETE | Consortia: EUCAN-Connect
2013,"Jones, Sheehan, Gaye, Laflamme, Burton, ",Combined analysis of correlated data when data cannot be pooled,Jones,Stat,8,Consortia: BioSHaRE-EU | Consortia: P3G
2022,"Torres Toda, Avraam, James Cadman, Fossati, de Castro, Dedele, Donovan, Elhakeem, Estarlich, Fernandes, Gonçalves, Grazuleviciene, Harris, Harskamp-van Ginkel, Heude, Ibarluzea, Iñiguez, Wv Jaddoe, Lawlor, Lertxundi, Lepeule, McEachan, Moirano, Lt Nader, Nybo Andersen, Pedersen, Pizzi, Roumeliotaki, Santos, Sunyer, Yang, Vafeiadi, Gm Vrijkotte, Nieuwenhuijsen, Vrijheid, Foraster, Dadvand, ",Exposure to natural environments during pregnancy and birth outcomes in 11 European birth cohorts.,Torres Toda,Environ Int,15,Consortia: EUCAN-Connect | Consortia: European Union Child Cohort Network | Consortia: LifeCycle | Study: ABCD | Study: ALSPAC | Study: BiB | Study: DNBC | Study: EDEN Nancy | Study: EDEN Poitiers | Study: Gen R | Study: INMA Gipuzkoa | Study: INMA Sabadell | Study: INMA Valencia | Study: KANC | Study: MoBa | Study: NINFEA-Florence | Study: NINFEA-Rome | Study: NINFEA-Turin | Study: Rhea
2015,"Dove, Joly, Tassé, Knoppers, ",Genomic cloud computing: legal and ethical points to consider.,Dove,Eur J Hum Genet,74,Consortia: International Cancer Genome Consortium | Consortia: P3G
2021,"Peñalvo, Mertens, Ademović, Akgun, Baltazar, Buonfrate, Čoklo, Devleesschauwer, Diaz Valencia, Fernandes, Gómez, Hynds, Kabir, Klein, Kostoulas, Llanos Jiménez, Lotrean, Majdan, Menasalvas, Nguewa, Oh, O'Sullivan, Pereira, Reina Ortiz, Riva, Soriano, Soriano, Spilki, Tamang, Trofor, Vaillant, Van Ierssel, Vuković, Castellano, ",Unravelling data for rapid evidence-based response to COVID-19: a summary of the unCoVer protocol.,Peñalvo,BMJ Open,12,Consortia: unCoVer | Study: ASPEUR | Study: BU | Study: CIPH | Study: FIHM | Study: HULPr | Study: IIS-FJD | Study: INANTRO | Study: IPC | Study: IRCCS | Study: ITM-UZA | Study: LIH | Study: SMUC | Study: TU | Study: TUDublin | Study: ULSS6 | Study: UMF Cluij | Study: UMF IASI | Study: UNAV | Study: UNSA | Study: UPORTO | Study: USN | Study: UdeA
2024,"Guerlich, Avraam, Cadman, Calas, Charles, Elhakeem, Fernández-Barrés, Guxens, Heude, Ibarluzea, Inskip, Julvez, Lawlor, Murcia, Salika, Sunyer, Tafflet, Koletzko, Grote, Plancoulaine, ",Sleep duration in preschool age and later behavioral and cognitive outcomes: an individual participant data meta-analysis in five European cohorts.,Guerlich,Eur Child Adolesc Psychiatry,5,Consortia: European Union Child Cohort Network | Consortia: LifeCycle | Study: ALSPAC | Study: EDEN Nancy | Study: EDEN Poitiers | Study: ELFE | Study: INMA Gipuzkoa | Study: INMA Sabadell | Study: INMA Valencia | Study: SWS
2022,"Banerjee, Sofack, Papakonstantinou, Avraam, Burton, Zöller, Bishop, ",dsSurvival: Privacy preserving survival models for federated individual patient meta-analysis in DataSHIELD.,Banerjee,BMC Res Notes,9,Consortia: EUCAN-Connect
2011,"Murtagh, Demir, Harris, Burton, ",Realizing the promise of population biobanks: a new model for translation.,Murtagh,Hum Genet,34,Consortia: BioSHaRE-EU | Consortia: P3G
2021,"Avraam, Wilson, Butters, Burton, Nicolaides, Jones, Boyd, Burton, ",Privacy preserving data visualizations.,Avraam,EPJ Data Sci,13,Consortia: ATHLETE | Consortia: Connected Health Cities North East North Cumbria | Consortia: EUCAN-Connect
2017,"Cai, Zijlema, Doiron, Blangiardo, Burton, Fortier, Gaye, Gulliver, de Hoogh, Hveem, Mbatchou, Morley, Stolk, Elliott, Hansell, Hodgson, ","Ambient air pollution, traffic noise and adult asthma prevalence: a BioSHaRE approach.",Cai,Eur Respir J,59,Consortia: BBMRI-LPC | Consortia: BioSHaRE-EU | Consortia: ESCAPE | Consortia: Welsh and Scottish Farr Institutes | Study: HUNT3 | Study: Lifelines | Study: UK Biobank
2012,"Murtagh, Demir, Jenkings, Wallace, Murtagh, Boniol, Bota, Laflamme, Boffetta, Ferretti, Burton, ",Securing the data economy: translating privacy and enacting security in the development of DataSHIELD.,Murtagh,Public Health Genomics,18,Consortia: BioSHaRE-EU | Consortia: P3G | Consortia: PHOEBE
2018,"Beenackers, Doiron, Fortier, Noordzij, Reinhard, Courtin, Bobak, Chaix, Costa, Dapp, Diez Roux, Huisman, Grundy, Krokstad, Martikainen, Raina, Avendano, van Lenthe, ","MINDMAP: establishing an integrated database infrastructure for research in ageing, mental well-being, and the urban environment.",Beenackers,BMC Public Health,23,Consortia: MINDMAP | Study: CLSA | Study: GLOBE | Study: HAPIEE-CZECH REPUBLIC | Study: HAPIEE-LITHUANIA | Study: HAPIEE-POLAND | Study: HAPIEE-RUSSIA | Study: HUNT | Study: LASA | Study: LUCAS | Study: MESA Neighbourhood | Study: RECORD | Study: Rotterdam Study | Study: TLS
2012,"Harris, Burton, Knoppers, Lindpaintner, Bledsoe, Brookes, Budin-Ljøsne, Chisholm, Cox, Deschênes, Fortier, Hainaut, Hewitt, Kaye, Litton, Metspalu, Ollier, Palmer, Palotie, Pasterk, Perola, Riegman, van Ommen, Yuille, Zatloukal, ",Toward a roadmap in global biobanking for health.,Harris,Eur J Hum Genet,119,Consortia: BBMRI | Consortia: BioSHaRE-EU | Consortia: ENGAGE | Consortia: GEN2PHEN | Consortia: OPENGENE | Consortia: P3G
